"","Agroup_monophyly","Crub_Cgrand_monophyly","Csat_monophyly","C_group_monophyly","Topology","Topology_loose","Bootstrap_Support"
"1","TRUE","TRUE","TRUE","TRUE","BC_topology","BC_topology","95"
"2","TRUE","TRUE","TRUE","TRUE","BC_topology","BC_topology","99"
"3","TRUE","TRUE","TRUE","TRUE","BC_topology","BC_topology","95"
"4","TRUE","TRUE","TRUE","TRUE","BC_topology","BC_topology","65"
"5","TRUE","TRUE","TRUE","TRUE","BC_topology","BC_topology","85"
"6","TRUE","TRUE","TRUE","TRUE","BC_topology","BC_topology","48"
"7","TRUE","TRUE","TRUE","TRUE","BC_topology","BC_topology","100"
"8","TRUE","TRUE","TRUE","TRUE","BC_topology","BC_topology","96"
"9","TRUE","TRUE","TRUE","TRUE","BC_topology","BC_topology","100"
"10","TRUE","TRUE","TRUE","TRUE","BC_topology","BC_topology","67"
"11","TRUE","TRUE","TRUE","TRUE","BC_topology","BC_topology","100"
"12","TRUE","TRUE","TRUE","TRUE","BC_topology","BC_topology","100"
"13","TRUE","TRUE","TRUE","TRUE","BC_topology","BC_topology","100"
"14","TRUE","TRUE","TRUE","TRUE","BC_topology","BC_topology","100"
"15","TRUE","TRUE","TRUE","TRUE","BC_topology","BC_topology","95"
"16","TRUE","TRUE","TRUE","TRUE","BC_topology","BC_topology","97"
"17","TRUE","TRUE","TRUE","TRUE","BC_topology","BC_topology","100"
"18","TRUE","TRUE","TRUE","TRUE","BC_topology","BC_topology","77"
"19","TRUE","TRUE","TRUE","TRUE","BC_topology","BC_topology","96"
"20","TRUE","TRUE","TRUE","TRUE","BC_topology","BC_topology","73"
"21","TRUE","TRUE","TRUE","TRUE","BC_topology","BC_topology","100"
"22","TRUE","TRUE","TRUE","FALSE","Other_topology","Other_topology","BS_scoreNA"
"23","TRUE","TRUE","TRUE","TRUE","BC_topology","BC_topology","93"
"24","TRUE","TRUE","TRUE","TRUE","BC_topology","BC_topology","79"
"25","TRUE","TRUE","TRUE","TRUE","BC_topology","BC_topology","100"
"26","TRUE","TRUE","TRUE","TRUE","BC_topology","BC_topology","69"
"27","TRUE","TRUE","TRUE","TRUE","AC_topology","AC_topology","85"
"28","TRUE","TRUE","TRUE","TRUE","BC_topology","BC_topology","87"
"29","TRUE","TRUE","TRUE","FALSE","Other_topology","BC_topology","98"
"30","FALSE","TRUE","TRUE","FALSE","Other_topology","BC_topology","40"
"31","TRUE","TRUE","TRUE","TRUE","BC_topology","BC_topology","100"
"32","TRUE","TRUE","TRUE","TRUE","BC_topology","BC_topology","50"
"33","TRUE","TRUE","TRUE","FALSE","Other_topology","BC_topology","94"
"34","FALSE","TRUE","TRUE","TRUE","BC_topology","BC_topology","93"
"35","TRUE","TRUE","TRUE","TRUE","BC_topology","BC_topology","100"
"36","TRUE","TRUE","TRUE","TRUE","BC_topology","BC_topology","76"
"37","TRUE","TRUE","TRUE","TRUE","AC_topology","AC_topology","59"
"38","TRUE","TRUE","TRUE","FALSE","Other_topology","Other_topology","BS_scoreNA"
"39","TRUE","TRUE","TRUE","TRUE","BC_topology","BC_topology","99"
"40","TRUE","TRUE","TRUE","TRUE","BC_topology","BC_topology","65"
"41","TRUE","TRUE","TRUE","TRUE","BC_topology","BC_topology","99"
"42","TRUE","TRUE","TRUE","TRUE","BC_topology","BC_topology","100"
"43","TRUE","TRUE","TRUE","TRUE","AC_topology","AC_topology","38"
"44","TRUE","TRUE","TRUE","TRUE","BC_topology","BC_topology","96"
"45","TRUE","TRUE","TRUE","TRUE","BC_topology","BC_topology","65"
"46","TRUE","TRUE","TRUE","FALSE","Other_topology","BC_topology","99"
"47","TRUE","TRUE","TRUE","TRUE","BC_topology","BC_topology","91"
"48","TRUE","TRUE","TRUE","FALSE","Other_topology","Other_topology","BS_scoreNA"
"49","TRUE","TRUE","TRUE","TRUE","BC_topology","BC_topology","92"
"50","TRUE","TRUE","TRUE","TRUE","BC_topology","BC_topology","80"
"51","TRUE","TRUE","TRUE","TRUE","BC_topology","BC_topology","100"
"52","TRUE","TRUE","TRUE","TRUE","BC_topology","BC_topology","100"
"53","TRUE","TRUE","TRUE","TRUE","BC_topology","BC_topology","49"
"54","TRUE","TRUE","TRUE","TRUE","AC_topology","AC_topology","70"
"55","TRUE","TRUE","TRUE","TRUE","BC_topology","BC_topology","94"
"56","TRUE","TRUE","TRUE","TRUE","BC_topology","BC_topology","71"
"57","TRUE","TRUE","TRUE","TRUE","BC_topology","BC_topology","54"
"58","TRUE","TRUE","TRUE","TRUE","BC_topology","BC_topology","100"
"59","FALSE","TRUE","TRUE","TRUE","Other_topology","AC_topology","54"
"60","TRUE","TRUE","TRUE","FALSE","Other_topology","BC_topology","96"
"61","TRUE","TRUE","TRUE","TRUE","BC_topology","BC_topology","96"
"62","TRUE","TRUE","TRUE","FALSE","Other_topology","Other_topology","BS_scoreNA"
"63","TRUE","TRUE","TRUE","TRUE","BC_topology","BC_topology","100"
"64","TRUE","TRUE","TRUE","TRUE","BC_topology","BC_topology","99"
"65","TRUE","TRUE","TRUE","TRUE","BC_topology","BC_topology","96"
"66","TRUE","TRUE","TRUE","TRUE","BC_topology","BC_topology","100"
"67","TRUE","TRUE","TRUE","TRUE","AC_topology","AC_topology","99"
"68","TRUE","TRUE","TRUE","TRUE","BC_topology","BC_topology","70"
"69","TRUE","TRUE","TRUE","TRUE","BC_topology","BC_topology","95"
"70","TRUE","TRUE","TRUE","TRUE","BC_topology","BC_topology","74"
"71","TRUE","TRUE","TRUE","TRUE","BC_topology","BC_topology","97"
"72","TRUE","TRUE","TRUE","TRUE","BC_topology","BC_topology","100"
"73","TRUE","TRUE","TRUE","TRUE","BC_topology","BC_topology","78"
"74","FALSE","TRUE","TRUE","FALSE","Other_topology","Other_topology","BS_scoreNA"
"75","TRUE","TRUE","TRUE","TRUE","BC_topology","BC_topology","47"
"76","TRUE","TRUE","TRUE","TRUE","BC_topology","BC_topology","63"
"77","TRUE","TRUE","TRUE","TRUE","BC_topology","BC_topology","88"
"78","TRUE","TRUE","TRUE","TRUE","BC_topology","BC_topology","60"
"79","TRUE","TRUE","TRUE","TRUE","BC_topology","BC_topology","99"
"80","TRUE","TRUE","TRUE","TRUE","BC_topology","BC_topology","99"
"81","TRUE","TRUE","TRUE","TRUE","BC_topology","BC_topology","91"
"82","TRUE","TRUE","TRUE","TRUE","BC_topology","BC_topology","82"
"83","TRUE","TRUE","TRUE","FALSE","Other_topology","BC_topology","82"
"84","TRUE","TRUE","TRUE","TRUE","BC_topology","BC_topology","100"
"85","TRUE","TRUE","TRUE","TRUE","AB_topology","AB_topology","86"
"86","TRUE","TRUE","TRUE","TRUE","AC_topology","AC_topology","46"
"87","TRUE","TRUE","TRUE","TRUE","BC_topology","BC_topology","100"
"88","TRUE","TRUE","TRUE","TRUE","BC_topology","BC_topology","99"
"89","TRUE","TRUE","TRUE","TRUE","BC_topology","BC_topology","52"
"90","TRUE","TRUE","TRUE","TRUE","BC_topology","BC_topology","96"
"91","TRUE","TRUE","TRUE","TRUE","BC_topology","BC_topology","96"
"92","TRUE","TRUE","TRUE","TRUE","BC_topology","BC_topology","99"
"93","TRUE","TRUE","TRUE","TRUE","BC_topology","BC_topology","30"
"94","TRUE","TRUE","TRUE","TRUE","BC_topology","BC_topology","38"
"95","TRUE","TRUE","TRUE","TRUE","BC_topology","BC_topology","70"
"96","TRUE","TRUE","TRUE","TRUE","BC_topology","BC_topology","98"
"97","TRUE","TRUE","TRUE","TRUE","AC_topology","AC_topology","80"
"98","TRUE","TRUE","TRUE","TRUE","BC_topology","BC_topology","100"
"99","TRUE","TRUE","TRUE","TRUE","BC_topology","BC_topology","90"
"100","TRUE","TRUE","TRUE","TRUE","BC_topology","BC_topology","63"
"101","TRUE","TRUE","TRUE","TRUE","BC_topology","BC_topology","87"
"102","TRUE","TRUE","TRUE","TRUE","BC_topology","BC_topology","57"
"103","TRUE","TRUE","TRUE","TRUE","BC_topology","BC_topology","91"
"104","TRUE","TRUE","TRUE","TRUE","BC_topology","BC_topology","87"
"105","TRUE","TRUE","TRUE","TRUE","BC_topology","BC_topology","58"
"106","TRUE","TRUE","FALSE","FALSE","Other_topology","Other_topology","BS_scoreNA"
"107","TRUE","TRUE","TRUE","TRUE","AB_topology","AB_topology","64"
"108","TRUE","TRUE","TRUE","TRUE","BC_topology","BC_topology","55"
"109","TRUE","TRUE","TRUE","FALSE","Other_topology","Other_topology","BS_scoreNA"
"110","TRUE","TRUE","TRUE","TRUE","BC_topology","BC_topology","99"
"111","TRUE","TRUE","TRUE","TRUE","BC_topology","BC_topology","86"
"112","TRUE","TRUE","TRUE","TRUE","BC_topology","BC_topology","99"
"113","TRUE","TRUE","TRUE","TRUE","BC_topology","BC_topology","99"
"114","TRUE","TRUE","TRUE","TRUE","BC_topology","BC_topology","100"
"115","TRUE","TRUE","TRUE","TRUE","AB_topology","AB_topology","84"
"116","TRUE","TRUE","TRUE","TRUE","BC_topology","BC_topology","98"
"117","TRUE","TRUE","TRUE","TRUE","BC_topology","BC_topology","100"
"118","TRUE","TRUE","TRUE","TRUE","BC_topology","BC_topology","100"
"119","TRUE","TRUE","TRUE","FALSE","Other_topology","BC_topology","66"
"120","TRUE","TRUE","TRUE","FALSE","Other_topology","BC_topology","75"
"121","TRUE","TRUE","TRUE","TRUE","BC_topology","BC_topology","92"
"122","TRUE","TRUE","TRUE","TRUE","BC_topology","BC_topology","95"
"123","TRUE","TRUE","TRUE","TRUE","AC_topology","AC_topology","64"
"124","TRUE","TRUE","TRUE","TRUE","BC_topology","BC_topology","100"
"125","FALSE","TRUE","TRUE","TRUE","BC_topology","BC_topology","81"
"126","TRUE","TRUE","TRUE","TRUE","BC_topology","BC_topology","65"
"127","TRUE","TRUE","TRUE","TRUE","AC_topology","AC_topology","35"
"128","TRUE","TRUE","TRUE","TRUE","AB_topology","AB_topology","98"
"129","FALSE","TRUE","TRUE","FALSE","Other_topology","BC_topology","100"
"130","TRUE","TRUE","TRUE","TRUE","BC_topology","BC_topology","92"
"131","TRUE","TRUE","TRUE","TRUE","BC_topology","BC_topology","96"
"132","TRUE","TRUE","TRUE","TRUE","BC_topology","BC_topology","100"
"133","TRUE","TRUE","TRUE","TRUE","AB_topology","AB_topology","43"
"134","TRUE","TRUE","TRUE","TRUE","BC_topology","BC_topology","98"
"135","TRUE","TRUE","TRUE","TRUE","BC_topology","BC_topology","76"
"136","TRUE","TRUE","TRUE","TRUE","BC_topology","BC_topology","98"
"137","TRUE","TRUE","TRUE","TRUE","BC_topology","BC_topology","100"
"138","TRUE","TRUE","TRUE","TRUE","BC_topology","BC_topology","81"
"139","TRUE","TRUE","TRUE","TRUE","BC_topology","BC_topology","99"
"140","TRUE","TRUE","TRUE","TRUE","BC_topology","BC_topology","100"
"141","TRUE","TRUE","TRUE","TRUE","BC_topology","BC_topology","100"
"142","TRUE","TRUE","TRUE","TRUE","BC_topology","BC_topology","74"
"143","TRUE","TRUE","TRUE","TRUE","BC_topology","BC_topology","100"
"144","FALSE","TRUE","TRUE","TRUE","BC_topology","BC_topology","84"
"145","TRUE","TRUE","TRUE","TRUE","BC_topology","BC_topology","100"
"146","TRUE","TRUE","TRUE","TRUE","BC_topology","BC_topology","100"
"147","TRUE","TRUE","TRUE","TRUE","AC_topology","AC_topology","72"
"148","TRUE","TRUE","TRUE","TRUE","BC_topology","BC_topology","55"
"149","TRUE","TRUE","TRUE","TRUE","BC_topology","BC_topology","94"
"150","TRUE","TRUE","TRUE","TRUE","BC_topology","BC_topology","100"
"151","TRUE","TRUE","TRUE","TRUE","BC_topology","BC_topology","98"
"152","TRUE","TRUE","TRUE","TRUE","BC_topology","BC_topology","93"
"153","TRUE","TRUE","TRUE","TRUE","AB_topology","AB_topology","59"
"154","FALSE","TRUE","TRUE","FALSE","Other_topology","BC_topology","74"
"155","TRUE","TRUE","TRUE","TRUE","BC_topology","BC_topology","79"
"156","TRUE","TRUE","TRUE","TRUE","BC_topology","BC_topology","97"
"157","TRUE","TRUE","TRUE","FALSE","Other_topology","BC_topology","90"
"158","TRUE","TRUE","TRUE","TRUE","BC_topology","BC_topology","66"
"159","TRUE","TRUE","TRUE","FALSE","Other_topology","BC_topology","39"
"160","TRUE","TRUE","TRUE","FALSE","Other_topology","Other_topology","BS_scoreNA"
"161","TRUE","TRUE","TRUE","TRUE","BC_topology","BC_topology","100"
"162","TRUE","TRUE","TRUE","TRUE","BC_topology","BC_topology","98"
"163","TRUE","TRUE","TRUE","TRUE","BC_topology","BC_topology","100"
"164","TRUE","TRUE","TRUE","TRUE","AC_topology","AC_topology","90"
"165","TRUE","TRUE","TRUE","TRUE","BC_topology","BC_topology","100"
"166","TRUE","TRUE","TRUE","TRUE","BC_topology","BC_topology","100"
"167","TRUE","TRUE","TRUE","FALSE","Other_topology","Other_topology","BS_scoreNA"
"168","FALSE","TRUE","FALSE","FALSE","Other_topology","Other_topology","BS_scoreNA"
"169","TRUE","TRUE","TRUE","TRUE","BC_topology","BC_topology","100"
"170","TRUE","TRUE","TRUE","TRUE","AC_topology","AC_topology","43"
"171","TRUE","TRUE","TRUE","TRUE","BC_topology","BC_topology","98"
"172","TRUE","TRUE","TRUE","TRUE","BC_topology","BC_topology","99"
"173","FALSE","TRUE","TRUE","TRUE","BC_topology","BC_topology","52"
"174","TRUE","TRUE","TRUE","TRUE","BC_topology","BC_topology","69"
"175","TRUE","TRUE","TRUE","TRUE","BC_topology","BC_topology","93"
"176","TRUE","TRUE","TRUE","TRUE","BC_topology","BC_topology","95"
"177","TRUE","TRUE","TRUE","TRUE","AB_topology","AB_topology","78"
"178","TRUE","TRUE","TRUE","FALSE","Other_topology","BC_topology","83"
"179","TRUE","TRUE","TRUE","TRUE","BC_topology","BC_topology","95"
"180","TRUE","TRUE","TRUE","TRUE","BC_topology","BC_topology","77"
"181","TRUE","TRUE","TRUE","TRUE","BC_topology","BC_topology","32"
"182","TRUE","TRUE","TRUE","TRUE","BC_topology","BC_topology","80"
"183","TRUE","TRUE","TRUE","TRUE","AC_topology","AC_topology","88"
"184","TRUE","TRUE","TRUE","FALSE","Other_topology","BC_topology","63"
"185","TRUE","TRUE","TRUE","TRUE","BC_topology","BC_topology","69"
"186","TRUE","TRUE","TRUE","TRUE","BC_topology","BC_topology","100"
"187","TRUE","TRUE","TRUE","TRUE","AB_topology","AB_topology","35"
"188","TRUE","TRUE","TRUE","TRUE","BC_topology","BC_topology","83"
"189","TRUE","TRUE","TRUE","TRUE","BC_topology","BC_topology","98"
"190","TRUE","TRUE","TRUE","TRUE","BC_topology","BC_topology","100"
"191","TRUE","TRUE","TRUE","TRUE","BC_topology","BC_topology","97"
"192","TRUE","TRUE","TRUE","TRUE","BC_topology","BC_topology","94"
"193","TRUE","TRUE","TRUE","TRUE","BC_topology","BC_topology","76"
"194","FALSE","FALSE","TRUE","FALSE","Other_topology","Other_topology","BS_scoreNA"
"195","TRUE","TRUE","TRUE","TRUE","BC_topology","BC_topology","95"
"196","FALSE","TRUE","TRUE","TRUE","BC_topology","BC_topology","93"
"197","TRUE","TRUE","TRUE","TRUE","AB_topology","AB_topology","73"
"198","TRUE","TRUE","TRUE","TRUE","AC_topology","AC_topology","61"
"199","TRUE","TRUE","TRUE","TRUE","BC_topology","BC_topology","100"
"200","TRUE","TRUE","TRUE","TRUE","BC_topology","BC_topology","99"
"201","TRUE","TRUE","TRUE","TRUE","BC_topology","BC_topology","100"
"202","TRUE","TRUE","TRUE","FALSE","Other_topology","BC_topology","100"
"203","TRUE","TRUE","TRUE","TRUE","BC_topology","BC_topology","100"
"204","TRUE","TRUE","TRUE","TRUE","BC_topology","BC_topology","92"
"205","TRUE","TRUE","TRUE","TRUE","BC_topology","BC_topology","91"
"206","TRUE","TRUE","TRUE","TRUE","BC_topology","BC_topology","100"
"207","TRUE","TRUE","TRUE","TRUE","BC_topology","BC_topology","79"
"208","TRUE","TRUE","TRUE","TRUE","AB_topology","AB_topology","46"
"209","TRUE","TRUE","TRUE","TRUE","AC_topology","AC_topology","36"
"210","TRUE","TRUE","TRUE","FALSE","Other_topology","BC_topology","70"
"211","TRUE","TRUE","TRUE","TRUE","BC_topology","BC_topology","72"
"212","TRUE","TRUE","TRUE","TRUE","BC_topology","BC_topology","99"
"213","TRUE","TRUE","TRUE","TRUE","BC_topology","BC_topology","96"
"214","TRUE","TRUE","TRUE","TRUE","BC_topology","BC_topology","100"
"215","TRUE","TRUE","TRUE","TRUE","BC_topology","BC_topology","48"
"216","TRUE","TRUE","TRUE","TRUE","BC_topology","BC_topology","62"
"217","TRUE","TRUE","TRUE","TRUE","BC_topology","BC_topology","99"
"218","TRUE","TRUE","TRUE","TRUE","BC_topology","BC_topology","53"
"219","TRUE","TRUE","TRUE","TRUE","BC_topology","BC_topology","75"
"220","TRUE","TRUE","TRUE","TRUE","AC_topology","AC_topology","47"
"221","TRUE","TRUE","TRUE","TRUE","BC_topology","BC_topology","92"
"222","TRUE","TRUE","TRUE","TRUE","Other_topology","Other_topology","BS_scoreNA"
"223","TRUE","TRUE","TRUE","TRUE","AC_topology","AC_topology","100"
"224","TRUE","TRUE","TRUE","FALSE","Other_topology","BC_topology","97"
"225","TRUE","TRUE","TRUE","TRUE","BC_topology","BC_topology","92"
"226","TRUE","TRUE","TRUE","TRUE","BC_topology","BC_topology","86"
"227","TRUE","TRUE","TRUE","TRUE","BC_topology","BC_topology","59"
"228","TRUE","TRUE","TRUE","TRUE","BC_topology","BC_topology","38"
"229","TRUE","TRUE","TRUE","TRUE","BC_topology","BC_topology","80"
"230","TRUE","TRUE","TRUE","TRUE","BC_topology","BC_topology","39"
"231","TRUE","TRUE","TRUE","TRUE","BC_topology","BC_topology","59"
"232","TRUE","TRUE","TRUE","TRUE","BC_topology","BC_topology","100"
"233","TRUE","TRUE","TRUE","TRUE","BC_topology","BC_topology","86"
"234","TRUE","TRUE","TRUE","TRUE","BC_topology","BC_topology","76"
"235","TRUE","TRUE","TRUE","TRUE","AB_topology","AB_topology","81"
"236","TRUE","TRUE","TRUE","TRUE","AB_topology","AB_topology","94"
"237","TRUE","TRUE","TRUE","TRUE","AB_topology","AB_topology","87"
"238","TRUE","TRUE","TRUE","TRUE","BC_topology","BC_topology","93"
"239","TRUE","TRUE","TRUE","TRUE","BC_topology","BC_topology","86"
"240","TRUE","TRUE","TRUE","TRUE","BC_topology","BC_topology","61"
"241","TRUE","TRUE","TRUE","TRUE","BC_topology","BC_topology","74"
"242","TRUE","TRUE","TRUE","TRUE","BC_topology","BC_topology","100"
"243","TRUE","TRUE","TRUE","TRUE","BC_topology","BC_topology","81"
"244","TRUE","TRUE","TRUE","TRUE","AB_topology","AB_topology","44"
"245","TRUE","TRUE","TRUE","TRUE","BC_topology","BC_topology","85"
"246","TRUE","TRUE","TRUE","TRUE","BC_topology","BC_topology","93"
"247","TRUE","TRUE","TRUE","TRUE","BC_topology","BC_topology","100"
"248","TRUE","TRUE","FALSE","TRUE","AB_topology","AB_topology","60"
"249","TRUE","TRUE","TRUE","TRUE","BC_topology","BC_topology","68"
"250","FALSE","TRUE","TRUE","TRUE","BC_topology","BC_topology","70"
"251","TRUE","TRUE","TRUE","TRUE","AC_topology","AC_topology","65"
"252","TRUE","TRUE","TRUE","TRUE","BC_topology","BC_topology","100"
"253","TRUE","TRUE","TRUE","TRUE","AB_topology","AB_topology","71"
"254","TRUE","TRUE","TRUE","TRUE","BC_topology","BC_topology","88"
"255","TRUE","TRUE","TRUE","TRUE","BC_topology","BC_topology","95"
"256","TRUE","TRUE","TRUE","TRUE","BC_topology","BC_topology","99"
"257","TRUE","TRUE","TRUE","TRUE","BC_topology","BC_topology","100"
"258","TRUE","TRUE","TRUE","TRUE","AC_topology","AC_topology","62"
"259","TRUE","TRUE","TRUE","TRUE","BC_topology","BC_topology","92"
"260","TRUE","TRUE","TRUE","TRUE","AC_topology","AC_topology","73"
"261","TRUE","TRUE","TRUE","TRUE","BC_topology","BC_topology","74"
"262","TRUE","TRUE","TRUE","TRUE","BC_topology","BC_topology","46"
"263","TRUE","TRUE","TRUE","TRUE","BC_topology","BC_topology","48"
"264","FALSE","TRUE","TRUE","TRUE","BC_topology","BC_topology","20"
"265","TRUE","TRUE","TRUE","TRUE","BC_topology","BC_topology","100"
"266","TRUE","TRUE","TRUE","TRUE","BC_topology","BC_topology","91"
"267","TRUE","TRUE","TRUE","TRUE","BC_topology","BC_topology","89"
"268","TRUE","TRUE","TRUE","TRUE","BC_topology","BC_topology","94"
"269","TRUE","TRUE","TRUE","TRUE","BC_topology","BC_topology","99"
"270","TRUE","TRUE","TRUE","TRUE","BC_topology","BC_topology","100"
"271","TRUE","TRUE","TRUE","TRUE","AB_topology","AB_topology","51"
"272","TRUE","TRUE","TRUE","TRUE","BC_topology","BC_topology","98"
"273","TRUE","FALSE","TRUE","FALSE","Other_topology","Other_topology","BS_scoreNA"
"274","TRUE","FALSE","FALSE","FALSE","AB_topology","AC_topology","96"
"275","TRUE","TRUE","TRUE","TRUE","BC_topology","BC_topology","99"
"276","TRUE","TRUE","TRUE","TRUE","BC_topology","BC_topology","100"
"277","TRUE","TRUE","TRUE","TRUE","BC_topology","BC_topology","91"
"278","FALSE","TRUE","TRUE","TRUE","BC_topology","BC_topology","91"
"279","TRUE","TRUE","TRUE","TRUE","BC_topology","BC_topology","96"
"280","TRUE","TRUE","TRUE","TRUE","BC_topology","BC_topology","97"
"281","TRUE","TRUE","TRUE","FALSE","AB_topology","AB_topology","67"
"282","TRUE","TRUE","FALSE","TRUE","BC_topology","BC_topology","51"
"283","TRUE","TRUE","TRUE","TRUE","BC_topology","BC_topology","98"
"284","FALSE","TRUE","TRUE","TRUE","Other_topology","AC_topology","73"
"285","TRUE","TRUE","TRUE","TRUE","BC_topology","BC_topology","100"
"286","TRUE","TRUE","TRUE","TRUE","BC_topology","BC_topology","100"
"287","TRUE","TRUE","TRUE","TRUE","BC_topology","BC_topology","100"
"288","TRUE","TRUE","TRUE","TRUE","BC_topology","BC_topology","97"
"289","TRUE","TRUE","TRUE","TRUE","BC_topology","BC_topology","99"
"290","TRUE","TRUE","TRUE","TRUE","BC_topology","BC_topology","100"
"291","TRUE","TRUE","TRUE","TRUE","AC_topology","AC_topology","76"
"292","TRUE","TRUE","TRUE","TRUE","BC_topology","BC_topology","64"
"293","TRUE","TRUE","TRUE","TRUE","AC_topology","AC_topology","83"
"294","TRUE","TRUE","TRUE","TRUE","BC_topology","BC_topology","94"
"295","TRUE","TRUE","TRUE","TRUE","BC_topology","BC_topology","37"
"296","TRUE","TRUE","TRUE","TRUE","BC_topology","BC_topology","59"
"297","TRUE","TRUE","TRUE","TRUE","BC_topology","BC_topology","100"
"298","TRUE","TRUE","TRUE","TRUE","BC_topology","BC_topology","56"
"299","TRUE","TRUE","TRUE","TRUE","BC_topology","BC_topology","99"
"300","TRUE","TRUE","TRUE","TRUE","BC_topology","BC_topology","39"
"301","TRUE","TRUE","TRUE","TRUE","BC_topology","BC_topology","85"
"302","TRUE","TRUE","TRUE","TRUE","BC_topology","BC_topology","96"
"303","TRUE","TRUE","TRUE","TRUE","BC_topology","BC_topology","99"
"304","TRUE","TRUE","TRUE","TRUE","BC_topology","BC_topology","88"
"305","TRUE","TRUE","TRUE","TRUE","BC_topology","BC_topology","99"
"306","TRUE","TRUE","TRUE","TRUE","BC_topology","BC_topology","97"
"307","TRUE","TRUE","TRUE","TRUE","BC_topology","BC_topology","100"
"308","TRUE","TRUE","TRUE","FALSE","Other_topology","BC_topology","97"
"309","TRUE","TRUE","TRUE","TRUE","BC_topology","BC_topology","71"
"310","TRUE","TRUE","TRUE","TRUE","BC_topology","BC_topology","76"
"311","TRUE","TRUE","TRUE","TRUE","AC_topology","AC_topology","87"
"312","TRUE","TRUE","TRUE","TRUE","BC_topology","BC_topology","98"
"313","TRUE","TRUE","TRUE","TRUE","BC_topology","BC_topology","100"
"314","TRUE","TRUE","TRUE","TRUE","BC_topology","BC_topology","100"
"315","TRUE","TRUE","TRUE","TRUE","AC_topology","AC_topology","75"
"316","TRUE","TRUE","TRUE","TRUE","BC_topology","BC_topology","100"
"317","TRUE","TRUE","TRUE","TRUE","BC_topology","BC_topology","97"
"318","TRUE","TRUE","TRUE","TRUE","BC_topology","BC_topology","98"
"319","TRUE","TRUE","TRUE","FALSE","Other_topology","AC_topology","21"
"320","FALSE","TRUE","TRUE","FALSE","Other_topology","BC_topology","39"
"321","TRUE","TRUE","TRUE","TRUE","AB_topology","AB_topology","92"
"322","TRUE","TRUE","TRUE","TRUE","BC_topology","BC_topology","88"
"323","TRUE","TRUE","TRUE","TRUE","BC_topology","BC_topology","62"
"324","TRUE","TRUE","TRUE","TRUE","BC_topology","BC_topology","91"
"325","TRUE","TRUE","TRUE","TRUE","BC_topology","BC_topology","86"
"326","TRUE","TRUE","TRUE","FALSE","Other_topology","BC_topology","99"
"327","TRUE","TRUE","TRUE","TRUE","BC_topology","BC_topology","81"
"328","TRUE","TRUE","TRUE","TRUE","BC_topology","BC_topology","79"
"329","TRUE","TRUE","TRUE","FALSE","Other_topology","BC_topology","95"
"330","TRUE","TRUE","TRUE","TRUE","BC_topology","BC_topology","93"
"331","TRUE","TRUE","TRUE","TRUE","AC_topology","AC_topology","70"
"332","TRUE","TRUE","TRUE","TRUE","BC_topology","BC_topology","100"
"333","TRUE","TRUE","TRUE","TRUE","AC_topology","AC_topology","93"
"334","TRUE","TRUE","TRUE","TRUE","BC_topology","BC_topology","65"
"335","TRUE","TRUE","TRUE","TRUE","BC_topology","BC_topology","69"
"336","TRUE","TRUE","TRUE","TRUE","AC_topology","AC_topology","50"
"337","TRUE","TRUE","TRUE","TRUE","BC_topology","BC_topology","68"
"338","TRUE","TRUE","TRUE","TRUE","BC_topology","BC_topology","98"
"339","TRUE","TRUE","TRUE","TRUE","BC_topology","BC_topology","100"
"340","TRUE","TRUE","TRUE","TRUE","BC_topology","BC_topology","90"
"341","TRUE","TRUE","TRUE","TRUE","BC_topology","BC_topology","100"
"342","TRUE","TRUE","TRUE","TRUE","BC_topology","BC_topology","43"
"343","TRUE","TRUE","TRUE","TRUE","BC_topology","BC_topology","98"
"344","TRUE","TRUE","TRUE","TRUE","BC_topology","BC_topology","61"
"345","TRUE","TRUE","TRUE","TRUE","AC_topology","AC_topology","71"
"346","TRUE","TRUE","TRUE","TRUE","BC_topology","BC_topology","76"
"347","TRUE","TRUE","TRUE","FALSE","Other_topology","Other_topology","BS_scoreNA"
"348","TRUE","TRUE","TRUE","TRUE","BC_topology","BC_topology","67"
"349","TRUE","TRUE","TRUE","TRUE","AB_topology","AB_topology","67"
"350","TRUE","TRUE","TRUE","TRUE","BC_topology","BC_topology","100"
"351","TRUE","TRUE","TRUE","TRUE","BC_topology","BC_topology","100"
"352","TRUE","TRUE","TRUE","TRUE","BC_topology","BC_topology","77"
"353","TRUE","TRUE","TRUE","TRUE","BC_topology","BC_topology","43"
"354","TRUE","TRUE","TRUE","TRUE","BC_topology","BC_topology","62"
"355","TRUE","TRUE","FALSE","TRUE","AC_topology","AC_topology","52"
"356","TRUE","TRUE","TRUE","FALSE","Other_topology","BC_topology","99"
"357","FALSE","TRUE","TRUE","TRUE","Other_topology","AC_topology","32"
"358","TRUE","TRUE","FALSE","FALSE","Other_topology","Other_topology","BS_scoreNA"
"359","TRUE","TRUE","TRUE","FALSE","Other_topology","Other_topology","BS_scoreNA"
"360","TRUE","TRUE","FALSE","TRUE","BC_topology","BC_topology","35"
"361","TRUE","TRUE","TRUE","TRUE","BC_topology","BC_topology","92"
"362","TRUE","TRUE","TRUE","TRUE","BC_topology","BC_topology","57"
"363","TRUE","TRUE","TRUE","TRUE","BC_topology","BC_topology","71"
"364","TRUE","TRUE","TRUE","TRUE","BC_topology","BC_topology","100"
"365","TRUE","TRUE","TRUE","FALSE","Other_topology","BC_topology","86"
"366","TRUE","TRUE","TRUE","FALSE","Other_topology","BC_topology","86"
"367","TRUE","TRUE","TRUE","FALSE","Other_topology","AC_topology","56"
"368","TRUE","TRUE","TRUE","FALSE","Other_topology","AC_topology","26"
"369","TRUE","TRUE","TRUE","TRUE","AB_topology","AB_topology","60"
"370","TRUE","TRUE","TRUE","TRUE","BC_topology","BC_topology","85"
"371","TRUE","TRUE","TRUE","TRUE","BC_topology","BC_topology","95"
"372","TRUE","TRUE","TRUE","TRUE","BC_topology","BC_topology","100"
"373","TRUE","TRUE","TRUE","TRUE","AC_topology","AC_topology","99"
"374","TRUE","TRUE","TRUE","TRUE","BC_topology","BC_topology","95"
"375","TRUE","TRUE","TRUE","TRUE","BC_topology","BC_topology","100"
"376","TRUE","TRUE","TRUE","TRUE","BC_topology","BC_topology","100"
"377","TRUE","TRUE","TRUE","TRUE","BC_topology","BC_topology","100"
"378","TRUE","TRUE","TRUE","TRUE","BC_topology","BC_topology","96"
"379","TRUE","TRUE","TRUE","TRUE","AC_topology","AC_topology","79"
"380","TRUE","TRUE","TRUE","TRUE","BC_topology","BC_topology","61"
"381","TRUE","FALSE","TRUE","FALSE","Other_topology","Other_topology","BS_scoreNA"
"382","TRUE","TRUE","TRUE","FALSE","Other_topology","Other_topology","BS_scoreNA"
"383","TRUE","TRUE","FALSE","TRUE","BC_topology","BC_topology","100"
"384","TRUE","TRUE","TRUE","TRUE","BC_topology","BC_topology","70"
"385","TRUE","TRUE","TRUE","TRUE","AC_topology","AC_topology","35"
"386","FALSE","TRUE","TRUE","TRUE","BC_topology","BC_topology","56"
"387","TRUE","TRUE","TRUE","TRUE","BC_topology","BC_topology","66"
"388","TRUE","TRUE","TRUE","TRUE","BC_topology","BC_topology","64"
"389","TRUE","TRUE","TRUE","TRUE","BC_topology","BC_topology","66"
"390","TRUE","TRUE","TRUE","TRUE","AC_topology","AC_topology","46"
"391","TRUE","TRUE","TRUE","TRUE","BC_topology","BC_topology","100"
"392","TRUE","TRUE","TRUE","TRUE","BC_topology","BC_topology","34"
"393","TRUE","TRUE","TRUE","TRUE","BC_topology","BC_topology","90"
"394","TRUE","TRUE","TRUE","TRUE","BC_topology","BC_topology","98"
"395","TRUE","TRUE","TRUE","TRUE","BC_topology","BC_topology","100"
"396","TRUE","TRUE","TRUE","TRUE","BC_topology","BC_topology","100"
"397","TRUE","TRUE","TRUE","TRUE","AC_topology","AC_topology","70"
"398","TRUE","TRUE","TRUE","TRUE","BC_topology","BC_topology","56"
"399","TRUE","TRUE","TRUE","TRUE","BC_topology","BC_topology","87"
"400","TRUE","TRUE","TRUE","TRUE","AB_topology","AB_topology","79"
"401","TRUE","TRUE","TRUE","TRUE","BC_topology","BC_topology","96"
"402","TRUE","TRUE","TRUE","TRUE","AC_topology","AC_topology","82"
"403","TRUE","TRUE","TRUE","TRUE","BC_topology","BC_topology","61"
"404","TRUE","TRUE","TRUE","FALSE","AB_topology","AB_topology","63"
"405","TRUE","TRUE","TRUE","FALSE","Other_topology","BC_topology","90"
"406","TRUE","TRUE","TRUE","TRUE","BC_topology","BC_topology","32"
"407","TRUE","TRUE","TRUE","TRUE","BC_topology","BC_topology","80"
"408","TRUE","TRUE","TRUE","TRUE","AB_topology","AB_topology","53"
"409","TRUE","TRUE","TRUE","TRUE","BC_topology","BC_topology","58"
"410","TRUE","TRUE","TRUE","TRUE","BC_topology","BC_topology","53"
"411","TRUE","TRUE","TRUE","TRUE","BC_topology","BC_topology","93"
"412","TRUE","TRUE","TRUE","TRUE","BC_topology","BC_topology","90"
"413","TRUE","TRUE","TRUE","FALSE","Other_topology","Other_topology","BS_scoreNA"
"414","TRUE","TRUE","FALSE","TRUE","BC_topology","BC_topology","52"
"415","TRUE","TRUE","TRUE","TRUE","BC_topology","BC_topology","93"
"416","TRUE","TRUE","TRUE","TRUE","BC_topology","BC_topology","88"
"417","TRUE","TRUE","TRUE","TRUE","BC_topology","BC_topology","58"
"418","TRUE","TRUE","TRUE","TRUE","BC_topology","BC_topology","100"
"419","FALSE","TRUE","TRUE","FALSE","Other_topology","BC_topology","67"
"420","FALSE","TRUE","TRUE","FALSE","Other_topology","BC_topology","68"
"421","TRUE","TRUE","TRUE","TRUE","AB_topology","AB_topology","47"
"422","TRUE","TRUE","TRUE","TRUE","BC_topology","BC_topology","72"
"423","TRUE","TRUE","TRUE","TRUE","BC_topology","BC_topology","69"
"424","TRUE","TRUE","TRUE","TRUE","BC_topology","BC_topology","87"
"425","TRUE","TRUE","FALSE","TRUE","BC_topology","BC_topology","45"
"426","TRUE","TRUE","TRUE","FALSE","Other_topology","Other_topology","BS_scoreNA"
"427","TRUE","TRUE","TRUE","FALSE","Other_topology","BC_topology","51"
"428","TRUE","TRUE","TRUE","FALSE","Other_topology","BC_topology","95"
"429","TRUE","TRUE","TRUE","TRUE","BC_topology","BC_topology","62"
"430","TRUE","TRUE","TRUE","TRUE","BC_topology","BC_topology","37"
"431","TRUE","TRUE","TRUE","TRUE","BC_topology","BC_topology","92"
"432","TRUE","TRUE","TRUE","FALSE","Other_topology","BC_topology","63"
"433","TRUE","TRUE","TRUE","TRUE","BC_topology","BC_topology","100"
"434","TRUE","TRUE","TRUE","TRUE","BC_topology","BC_topology","100"
"435","TRUE","TRUE","TRUE","TRUE","BC_topology","BC_topology","58"
"436","TRUE","TRUE","TRUE","TRUE","BC_topology","BC_topology","50"
"437","FALSE","TRUE","TRUE","TRUE","Other_topology","AC_topology","42"
"438","TRUE","TRUE","TRUE","TRUE","AC_topology","AC_topology","51"
"439","FALSE","TRUE","TRUE","TRUE","Other_topology","Other_topology","BS_scoreNA"
"440","TRUE","FALSE","TRUE","FALSE","Other_topology","Other_topology","BS_scoreNA"
"441","TRUE","TRUE","TRUE","TRUE","BC_topology","BC_topology","94"
"442","TRUE","TRUE","TRUE","TRUE","BC_topology","BC_topology","100"
"443","TRUE","TRUE","TRUE","TRUE","BC_topology","BC_topology","88"
"444","TRUE","TRUE","TRUE","FALSE","Other_topology","BC_topology","91"
"445","TRUE","TRUE","TRUE","TRUE","BC_topology","BC_topology","100"
"446","TRUE","TRUE","TRUE","TRUE","BC_topology","BC_topology","97"
"447","TRUE","TRUE","TRUE","FALSE","Other_topology","BC_topology","68"
"448","TRUE","TRUE","TRUE","TRUE","AC_topology","AC_topology","66"
"449","TRUE","TRUE","TRUE","TRUE","AC_topology","AC_topology","92"
"450","TRUE","TRUE","TRUE","TRUE","BC_topology","BC_topology","31"
"451","TRUE","TRUE","TRUE","TRUE","BC_topology","BC_topology","70"
"452","TRUE","TRUE","TRUE","TRUE","BC_topology","BC_topology","89"
"453","TRUE","TRUE","TRUE","TRUE","BC_topology","BC_topology","100"
"454","TRUE","TRUE","TRUE","TRUE","BC_topology","BC_topology","34"
"455","TRUE","TRUE","TRUE","TRUE","BC_topology","BC_topology","82"
"456","TRUE","TRUE","TRUE","TRUE","BC_topology","BC_topology","99"
"457","TRUE","TRUE","TRUE","FALSE","AB_topology","AB_topology","66"
"458","TRUE","TRUE","TRUE","TRUE","AB_topology","AB_topology","69"
"459","TRUE","TRUE","TRUE","TRUE","BC_topology","BC_topology","31"
"460","TRUE","TRUE","TRUE","FALSE","Other_topology","BC_topology","78"
"461","TRUE","TRUE","TRUE","TRUE","BC_topology","BC_topology","95"
"462","TRUE","TRUE","TRUE","TRUE","BC_topology","BC_topology","77"
"463","TRUE","TRUE","TRUE","TRUE","BC_topology","BC_topology","100"
"464","TRUE","TRUE","TRUE","TRUE","BC_topology","BC_topology","100"
"465","TRUE","TRUE","TRUE","FALSE","Other_topology","Other_topology","BS_scoreNA"
"466","TRUE","TRUE","TRUE","TRUE","BC_topology","BC_topology","43"
"467","TRUE","TRUE","TRUE","FALSE","Other_topology","AC_topology","46"
"468","FALSE","TRUE","TRUE","TRUE","BC_topology","BC_topology","83"
"469","TRUE","TRUE","TRUE","TRUE","BC_topology","BC_topology","66"
"470","TRUE","TRUE","TRUE","FALSE","AB_topology","AB_topology","14"
"471","TRUE","TRUE","TRUE","TRUE","AB_topology","AB_topology","45"
"472","TRUE","TRUE","TRUE","TRUE","BC_topology","BC_topology","100"
"473","FALSE","TRUE","TRUE","TRUE","Other_topology","Other_topology","BS_scoreNA"
"474","TRUE","TRUE","TRUE","TRUE","BC_topology","BC_topology","38"
"475","TRUE","TRUE","TRUE","TRUE","BC_topology","BC_topology","100"
"476","TRUE","TRUE","TRUE","FALSE","Other_topology","Other_topology","BS_scoreNA"
"477","TRUE","TRUE","TRUE","TRUE","BC_topology","BC_topology","78"
"478","TRUE","TRUE","TRUE","TRUE","BC_topology","BC_topology","84"
"479","TRUE","TRUE","TRUE","TRUE","AB_topology","AB_topology","77"
"480","TRUE","TRUE","TRUE","FALSE","Other_topology","BC_topology","55"
"481","TRUE","TRUE","TRUE","TRUE","BC_topology","BC_topology","90"
"482","TRUE","TRUE","TRUE","TRUE","BC_topology","BC_topology","99"
"483","TRUE","TRUE","TRUE","FALSE","Other_topology","Other_topology","BS_scoreNA"
"484","TRUE","TRUE","TRUE","TRUE","BC_topology","BC_topology","95"
"485","TRUE","TRUE","TRUE","FALSE","Other_topology","BC_topology","95"
"486","TRUE","TRUE","TRUE","FALSE","Other_topology","BC_topology","80"
"487","TRUE","TRUE","TRUE","TRUE","BC_topology","BC_topology","93"
"488","TRUE","TRUE","TRUE","TRUE","BC_topology","BC_topology","100"
"489","TRUE","TRUE","TRUE","TRUE","AB_topology","AB_topology","51"
"490","TRUE","TRUE","TRUE","TRUE","BC_topology","BC_topology","99"
"491","TRUE","TRUE","TRUE","TRUE","BC_topology","BC_topology","62"
"492","TRUE","TRUE","TRUE","TRUE","BC_topology","BC_topology","100"
"493","TRUE","TRUE","TRUE","TRUE","BC_topology","BC_topology","94"
"494","TRUE","TRUE","TRUE","TRUE","BC_topology","BC_topology","74"
"495","TRUE","TRUE","TRUE","TRUE","BC_topology","BC_topology","46"
"496","TRUE","TRUE","TRUE","TRUE","AC_topology","AC_topology","63"
"497","TRUE","TRUE","TRUE","TRUE","BC_topology","BC_topology","90"
"498","TRUE","TRUE","TRUE","FALSE","Other_topology","BC_topology","99"
"499","TRUE","TRUE","TRUE","TRUE","BC_topology","BC_topology","75"
"500","TRUE","TRUE","TRUE","TRUE","BC_topology","BC_topology","93"
"501","TRUE","TRUE","TRUE","TRUE","BC_topology","BC_topology","58"
"502","TRUE","TRUE","TRUE","TRUE","BC_topology","BC_topology","94"
"503","TRUE","TRUE","TRUE","TRUE","AC_topology","AC_topology","37"
"504","TRUE","TRUE","FALSE","TRUE","BC_topology","BC_topology","88"
"505","TRUE","TRUE","TRUE","TRUE","BC_topology","BC_topology","84"
"506","TRUE","TRUE","TRUE","TRUE","BC_topology","BC_topology","98"
"507","TRUE","TRUE","TRUE","TRUE","BC_topology","BC_topology","100"
"508","TRUE","TRUE","TRUE","TRUE","BC_topology","BC_topology","100"
"509","TRUE","TRUE","TRUE","TRUE","BC_topology","BC_topology","99"
"510","TRUE","TRUE","TRUE","TRUE","BC_topology","BC_topology","94"
"511","TRUE","TRUE","TRUE","FALSE","Other_topology","BC_topology","100"
"512","TRUE","TRUE","TRUE","TRUE","AC_topology","AC_topology","100"
"513","TRUE","TRUE","TRUE","TRUE","BC_topology","BC_topology","100"
"514","TRUE","TRUE","TRUE","TRUE","BC_topology","BC_topology","92"
"515","TRUE","TRUE","TRUE","TRUE","BC_topology","BC_topology","79"
"516","TRUE","TRUE","TRUE","TRUE","AB_topology","AB_topology","58"
"517","TRUE","TRUE","TRUE","TRUE","AC_topology","AC_topology","84"
"518","TRUE","TRUE","TRUE","TRUE","BC_topology","BC_topology","87"
"519","TRUE","TRUE","TRUE","TRUE","BC_topology","BC_topology","83"
"520","TRUE","TRUE","TRUE","TRUE","BC_topology","BC_topology","100"
"521","TRUE","TRUE","TRUE","TRUE","BC_topology","BC_topology","100"
"522","TRUE","TRUE","TRUE","TRUE","BC_topology","BC_topology","100"
"523","TRUE","TRUE","TRUE","TRUE","BC_topology","BC_topology","100"
"524","TRUE","TRUE","TRUE","TRUE","BC_topology","BC_topology","100"
"525","TRUE","TRUE","TRUE","TRUE","BC_topology","BC_topology","68"
"526","TRUE","TRUE","TRUE","TRUE","BC_topology","BC_topology","100"
"527","TRUE","TRUE","TRUE","TRUE","BC_topology","BC_topology","100"
"528","TRUE","TRUE","TRUE","TRUE","BC_topology","BC_topology","93"
"529","TRUE","TRUE","TRUE","TRUE","BC_topology","BC_topology","76"
"530","TRUE","TRUE","TRUE","TRUE","BC_topology","BC_topology","99"
"531","TRUE","TRUE","TRUE","TRUE","BC_topology","BC_topology","98"
"532","TRUE","TRUE","TRUE","TRUE","BC_topology","BC_topology","88"
"533","TRUE","TRUE","TRUE","TRUE","BC_topology","BC_topology","98"
"534","TRUE","TRUE","TRUE","TRUE","BC_topology","BC_topology","100"
"535","TRUE","TRUE","TRUE","TRUE","BC_topology","BC_topology","50"
"536","TRUE","TRUE","TRUE","TRUE","BC_topology","BC_topology","30"
"537","TRUE","TRUE","TRUE","TRUE","BC_topology","BC_topology","85"
"538","TRUE","TRUE","TRUE","FALSE","Other_topology","AC_topology","59"
"539","TRUE","TRUE","TRUE","TRUE","BC_topology","BC_topology","100"
"540","TRUE","TRUE","TRUE","TRUE","BC_topology","BC_topology","100"
"541","TRUE","TRUE","TRUE","TRUE","BC_topology","BC_topology","95"
"542","TRUE","TRUE","TRUE","TRUE","BC_topology","BC_topology","98"
"543","TRUE","TRUE","TRUE","TRUE","BC_topology","BC_topology","41"
"544","TRUE","TRUE","TRUE","FALSE","Other_topology","AC_topology","46"
"545","TRUE","TRUE","TRUE","TRUE","BC_topology","BC_topology","96"
"546","TRUE","TRUE","TRUE","TRUE","BC_topology","BC_topology","98"
"547","TRUE","TRUE","TRUE","TRUE","BC_topology","BC_topology","67"
"548","TRUE","TRUE","TRUE","FALSE","Other_topology","BC_topology","94"
"549","TRUE","TRUE","TRUE","TRUE","BC_topology","BC_topology","78"
"550","TRUE","TRUE","TRUE","TRUE","BC_topology","BC_topology","95"
"551","TRUE","TRUE","TRUE","FALSE","Other_topology","BC_topology","66"
"552","TRUE","TRUE","TRUE","TRUE","BC_topology","BC_topology","100"
"553","TRUE","TRUE","TRUE","TRUE","BC_topology","BC_topology","53"
"554","TRUE","TRUE","TRUE","TRUE","BC_topology","BC_topology","54"
"555","TRUE","TRUE","TRUE","TRUE","BC_topology","BC_topology","95"
"556","TRUE","TRUE","TRUE","TRUE","AB_topology","AB_topology","50"
"557","TRUE","TRUE","TRUE","TRUE","BC_topology","BC_topology","83"
"558","TRUE","TRUE","TRUE","TRUE","AC_topology","AC_topology","69"
"559","TRUE","TRUE","TRUE","FALSE","Other_topology","Other_topology","BS_scoreNA"
"560","TRUE","TRUE","TRUE","TRUE","BC_topology","BC_topology","86"
"561","TRUE","TRUE","TRUE","TRUE","BC_topology","BC_topology","94"
"562","TRUE","TRUE","TRUE","TRUE","BC_topology","BC_topology","77"
"563","TRUE","TRUE","TRUE","TRUE","BC_topology","BC_topology","82"
"564","TRUE","TRUE","TRUE","FALSE","Other_topology","Other_topology","BS_scoreNA"
"565","TRUE","TRUE","TRUE","TRUE","BC_topology","BC_topology","83"
"566","TRUE","TRUE","TRUE","FALSE","Other_topology","BC_topology","58"
"567","TRUE","TRUE","TRUE","FALSE","Other_topology","Other_topology","BS_scoreNA"
"568","TRUE","TRUE","TRUE","FALSE","Other_topology","BC_topology","79"
"569","TRUE","TRUE","TRUE","TRUE","BC_topology","BC_topology","97"
"570","TRUE","TRUE","TRUE","TRUE","BC_topology","BC_topology","98"
"571","TRUE","TRUE","TRUE","TRUE","BC_topology","BC_topology","100"
"572","TRUE","TRUE","TRUE","TRUE","BC_topology","BC_topology","90"
"573","TRUE","TRUE","TRUE","FALSE","Other_topology","BC_topology","74"
"574","TRUE","TRUE","TRUE","TRUE","BC_topology","BC_topology","100"
"575","TRUE","TRUE","TRUE","TRUE","BC_topology","BC_topology","98"
"576","TRUE","TRUE","TRUE","FALSE","Other_topology","BC_topology","100"
"577","TRUE","TRUE","TRUE","TRUE","BC_topology","BC_topology","100"
"578","TRUE","TRUE","TRUE","TRUE","BC_topology","BC_topology","100"
"579","TRUE","TRUE","TRUE","TRUE","BC_topology","BC_topology","81"
"580","TRUE","TRUE","TRUE","TRUE","BC_topology","BC_topology","72"
"581","FALSE","TRUE","TRUE","TRUE","BC_topology","BC_topology","100"
"582","TRUE","TRUE","TRUE","TRUE","BC_topology","BC_topology","51"
"583","FALSE","TRUE","TRUE","FALSE","Other_topology","BC_topology","93"
"584","TRUE","TRUE","TRUE","FALSE","Other_topology","BC_topology","45"
"585","TRUE","TRUE","TRUE","TRUE","BC_topology","BC_topology","100"
"586","TRUE","TRUE","TRUE","TRUE","BC_topology","BC_topology","99"
"587","TRUE","TRUE","TRUE","TRUE","BC_topology","BC_topology","46"
"588","TRUE","TRUE","TRUE","TRUE","BC_topology","BC_topology","90"
"589","TRUE","TRUE","TRUE","TRUE","BC_topology","BC_topology","83"
"590","TRUE","TRUE","TRUE","TRUE","BC_topology","BC_topology","100"
"591","TRUE","TRUE","TRUE","FALSE","Other_topology","BC_topology","100"
"592","TRUE","TRUE","TRUE","TRUE","BC_topology","BC_topology","100"
"593","TRUE","TRUE","TRUE","TRUE","BC_topology","BC_topology","56"
"594","TRUE","TRUE","TRUE","TRUE","BC_topology","BC_topology","53"
"595","TRUE","TRUE","TRUE","TRUE","BC_topology","BC_topology","100"
"596","TRUE","TRUE","TRUE","FALSE","Other_topology","BC_topology","98"
"597","TRUE","TRUE","TRUE","TRUE","BC_topology","BC_topology","91"
"598","FALSE","TRUE","TRUE","TRUE","BC_topology","BC_topology","83"
"599","TRUE","TRUE","TRUE","TRUE","BC_topology","BC_topology","88"
"600","TRUE","TRUE","TRUE","TRUE","BC_topology","BC_topology","83"
"601","TRUE","TRUE","TRUE","TRUE","BC_topology","BC_topology","77"
"602","TRUE","TRUE","TRUE","TRUE","BC_topology","BC_topology","100"
"603","TRUE","TRUE","TRUE","TRUE","BC_topology","BC_topology","98"
"604","TRUE","TRUE","TRUE","FALSE","Other_topology","BC_topology","90"
"605","TRUE","TRUE","TRUE","TRUE","BC_topology","BC_topology","100"
"606","TRUE","TRUE","TRUE","TRUE","BC_topology","BC_topology","100"
"607","TRUE","TRUE","TRUE","TRUE","BC_topology","BC_topology","88"
"608","TRUE","TRUE","TRUE","TRUE","BC_topology","BC_topology","57"
"609","TRUE","TRUE","TRUE","TRUE","AB_topology","AB_topology","44"
"610","TRUE","TRUE","TRUE","TRUE","BC_topology","BC_topology","100"
"611","TRUE","TRUE","TRUE","FALSE","Other_topology","BC_topology","64"
"612","TRUE","TRUE","TRUE","TRUE","BC_topology","BC_topology","94"
"613","TRUE","TRUE","TRUE","TRUE","BC_topology","BC_topology","98"
"614","TRUE","TRUE","TRUE","TRUE","BC_topology","BC_topology","94"
"615","TRUE","TRUE","TRUE","TRUE","BC_topology","BC_topology","91"
"616","TRUE","TRUE","TRUE","FALSE","Other_topology","BC_topology","99"
"617","TRUE","TRUE","TRUE","TRUE","BC_topology","BC_topology","100"
"618","TRUE","TRUE","TRUE","TRUE","BC_topology","BC_topology","99"
"619","TRUE","TRUE","TRUE","TRUE","AC_topology","AC_topology","52"
"620","TRUE","TRUE","TRUE","TRUE","BC_topology","BC_topology","100"
"621","TRUE","TRUE","TRUE","FALSE","Other_topology","Other_topology","BS_scoreNA"
"622","TRUE","TRUE","TRUE","TRUE","BC_topology","BC_topology","60"
"623","TRUE","TRUE","TRUE","TRUE","BC_topology","BC_topology","100"
"624","TRUE","TRUE","TRUE","TRUE","BC_topology","BC_topology","85"
"625","TRUE","TRUE","TRUE","TRUE","BC_topology","BC_topology","100"
"626","TRUE","TRUE","TRUE","TRUE","BC_topology","BC_topology","98"
"627","TRUE","TRUE","TRUE","TRUE","BC_topology","BC_topology","55"
"628","TRUE","TRUE","TRUE","TRUE","BC_topology","BC_topology","79"
"629","TRUE","TRUE","TRUE","TRUE","AC_topology","AC_topology","47"
"630","FALSE","TRUE","TRUE","TRUE","BC_topology","BC_topology","95"
"631","TRUE","TRUE","TRUE","TRUE","BC_topology","BC_topology","89"
"632","TRUE","TRUE","TRUE","TRUE","BC_topology","BC_topology","51"
"633","TRUE","TRUE","TRUE","TRUE","BC_topology","BC_topology","97"
"634","TRUE","TRUE","TRUE","TRUE","BC_topology","BC_topology","100"
"635","TRUE","TRUE","TRUE","TRUE","BC_topology","BC_topology","53"
"636","TRUE","TRUE","TRUE","TRUE","BC_topology","BC_topology","61"
"637","TRUE","TRUE","TRUE","TRUE","BC_topology","BC_topology","94"
"638","TRUE","TRUE","TRUE","TRUE","BC_topology","BC_topology","100"
"639","TRUE","TRUE","TRUE","TRUE","BC_topology","BC_topology","100"
"640","TRUE","TRUE","TRUE","TRUE","BC_topology","BC_topology","100"
"641","TRUE","TRUE","TRUE","FALSE","Other_topology","BC_topology","100"
"642","TRUE","TRUE","TRUE","TRUE","BC_topology","BC_topology","100"
"643","TRUE","TRUE","TRUE","TRUE","AB_topology","AB_topology","45"
"644","TRUE","TRUE","TRUE","TRUE","BC_topology","BC_topology","76"
"645","TRUE","TRUE","TRUE","FALSE","Other_topology","Other_topology","BS_scoreNA"
"646","TRUE","TRUE","TRUE","TRUE","BC_topology","BC_topology","98"
"647","TRUE","TRUE","FALSE","TRUE","BC_topology","BC_topology","75"
"648","FALSE","TRUE","TRUE","FALSE","Other_topology","Other_topology","BS_scoreNA"
"649","TRUE","TRUE","TRUE","FALSE","Other_topology","BC_topology","100"
"650","TRUE","TRUE","TRUE","TRUE","BC_topology","BC_topology","100"
"651","TRUE","TRUE","TRUE","TRUE","BC_topology","BC_topology","100"
"652","TRUE","TRUE","TRUE","TRUE","BC_topology","BC_topology","100"
"653","TRUE","TRUE","TRUE","FALSE","AB_topology","AB_topology","31"
"654","TRUE","TRUE","TRUE","TRUE","BC_topology","BC_topology","31"
"655","TRUE","TRUE","FALSE","TRUE","BC_topology","BC_topology","100"
"656","TRUE","TRUE","FALSE","TRUE","BC_topology","BC_topology","22"
"657","TRUE","FALSE","FALSE","FALSE","Other_topology","Other_topology","BS_scoreNA"
"658","TRUE","TRUE","FALSE","TRUE","BC_topology","BC_topology","72"
"659","TRUE","TRUE","TRUE","TRUE","BC_topology","BC_topology","94"
"660","TRUE","TRUE","TRUE","TRUE","BC_topology","BC_topology","60"
"661","TRUE","TRUE","TRUE","TRUE","BC_topology","BC_topology","100"
"662","TRUE","TRUE","TRUE","TRUE","BC_topology","BC_topology","94"
"663","TRUE","TRUE","TRUE","TRUE","BC_topology","BC_topology","100"
"664","TRUE","TRUE","TRUE","TRUE","BC_topology","BC_topology","100"
"665","TRUE","TRUE","TRUE","FALSE","Other_topology","BC_topology","99"
"666","TRUE","TRUE","TRUE","TRUE","BC_topology","BC_topology","100"
"667","TRUE","TRUE","TRUE","TRUE","BC_topology","BC_topology","55"
"668","TRUE","TRUE","TRUE","TRUE","AC_topology","AC_topology","61"
"669","TRUE","TRUE","TRUE","TRUE","BC_topology","BC_topology","87"
"670","TRUE","TRUE","TRUE","TRUE","BC_topology","BC_topology","94"
"671","TRUE","TRUE","TRUE","TRUE","BC_topology","BC_topology","70"
"672","TRUE","TRUE","TRUE","TRUE","BC_topology","BC_topology","97"
"673","FALSE","TRUE","TRUE","TRUE","Other_topology","AB_topology","65"
"674","TRUE","TRUE","TRUE","FALSE","Other_topology","BC_topology","65"
"675","TRUE","TRUE","TRUE","FALSE","AB_topology","AB_topology","89"
"676","TRUE","TRUE","TRUE","FALSE","Other_topology","BC_topology","45"
"677","TRUE","TRUE","TRUE","TRUE","BC_topology","BC_topology","100"
"678","TRUE","TRUE","TRUE","FALSE","Other_topology","BC_topology","99"
"679","TRUE","TRUE","TRUE","TRUE","BC_topology","BC_topology","88"
"680","TRUE","TRUE","TRUE","TRUE","BC_topology","BC_topology","100"
"681","TRUE","TRUE","TRUE","TRUE","BC_topology","BC_topology","97"
"682","TRUE","TRUE","TRUE","FALSE","Other_topology","BC_topology","99"
"683","TRUE","TRUE","TRUE","TRUE","AC_topology","AC_topology","31"
"684","TRUE","TRUE","TRUE","FALSE","AB_topology","AB_topology","71"
"685","TRUE","TRUE","TRUE","TRUE","BC_topology","BC_topology","91"
"686","TRUE","TRUE","TRUE","TRUE","BC_topology","BC_topology","71"
"687","TRUE","TRUE","TRUE","FALSE","Other_topology","Other_topology","BS_scoreNA"
"688","TRUE","TRUE","TRUE","TRUE","BC_topology","BC_topology","86"
"689","TRUE","TRUE","TRUE","TRUE","BC_topology","BC_topology","66"
"690","TRUE","TRUE","TRUE","TRUE","BC_topology","BC_topology","99"
"691","TRUE","TRUE","TRUE","TRUE","BC_topology","BC_topology","87"
"692","TRUE","TRUE","TRUE","TRUE","AC_topology","AC_topology","68"
"693","TRUE","TRUE","TRUE","TRUE","BC_topology","BC_topology","100"
"694","TRUE","TRUE","TRUE","TRUE","BC_topology","BC_topology","100"
"695","TRUE","TRUE","TRUE","TRUE","BC_topology","BC_topology","100"
"696","TRUE","TRUE","TRUE","TRUE","BC_topology","BC_topology","100"
"697","TRUE","TRUE","TRUE","TRUE","BC_topology","BC_topology","88"
"698","TRUE","TRUE","TRUE","FALSE","Other_topology","BC_topology","100"
"699","TRUE","TRUE","TRUE","TRUE","AB_topology","AB_topology","58"
"700","TRUE","TRUE","TRUE","TRUE","BC_topology","BC_topology","70"
"701","TRUE","TRUE","TRUE","TRUE","BC_topology","BC_topology","63"
"702","TRUE","TRUE","TRUE","TRUE","BC_topology","BC_topology","34"
"703","TRUE","TRUE","TRUE","TRUE","BC_topology","BC_topology","84"
"704","TRUE","TRUE","TRUE","TRUE","BC_topology","BC_topology","81"
"705","TRUE","TRUE","TRUE","TRUE","BC_topology","BC_topology","100"
"706","TRUE","TRUE","TRUE","TRUE","BC_topology","BC_topology","100"
"707","TRUE","TRUE","TRUE","TRUE","BC_topology","BC_topology","60"
"708","TRUE","TRUE","TRUE","TRUE","BC_topology","BC_topology","73"
"709","TRUE","TRUE","TRUE","TRUE","BC_topology","BC_topology","100"
"710","TRUE","TRUE","TRUE","TRUE","BC_topology","BC_topology","100"
"711","TRUE","TRUE","TRUE","TRUE","BC_topology","BC_topology","93"
"712","TRUE","TRUE","TRUE","FALSE","Other_topology","BC_topology","98"
"713","TRUE","TRUE","TRUE","TRUE","BC_topology","BC_topology","77"
"714","TRUE","TRUE","TRUE","FALSE","Other_topology","Other_topology","BS_scoreNA"
"715","TRUE","TRUE","TRUE","TRUE","Other_topology","Other_topology","BS_scoreNA"
"716","TRUE","TRUE","TRUE","TRUE","BC_topology","BC_topology","100"
"717","TRUE","TRUE","FALSE","TRUE","Other_topology","Other_topology","BS_scoreNA"
"718","TRUE","TRUE","TRUE","FALSE","Other_topology","BC_topology","98"
"719","TRUE","TRUE","TRUE","TRUE","BC_topology","BC_topology","100"
"720","TRUE","TRUE","TRUE","TRUE","BC_topology","BC_topology","79"
"721","FALSE","TRUE","TRUE","TRUE","BC_topology","BC_topology","100"
"722","TRUE","TRUE","TRUE","TRUE","BC_topology","BC_topology","91"
"723","TRUE","TRUE","TRUE","TRUE","AC_topology","AC_topology","67"
"724","TRUE","TRUE","FALSE","TRUE","AC_topology","AC_topology","74"
"725","TRUE","TRUE","TRUE","TRUE","BC_topology","BC_topology","82"
"726","TRUE","TRUE","TRUE","TRUE","BC_topology","BC_topology","100"
"727","TRUE","TRUE","TRUE","TRUE","BC_topology","BC_topology","94"
"728","TRUE","TRUE","TRUE","FALSE","Other_topology","BC_topology","100"
"729","TRUE","TRUE","TRUE","TRUE","BC_topology","BC_topology","91"
"730","TRUE","TRUE","TRUE","TRUE","BC_topology","BC_topology","83"
"731","TRUE","TRUE","TRUE","TRUE","BC_topology","BC_topology","100"
"732","FALSE","TRUE","TRUE","TRUE","BC_topology","BC_topology","68"
"733","TRUE","TRUE","TRUE","TRUE","BC_topology","BC_topology","98"
"734","TRUE","TRUE","TRUE","TRUE","BC_topology","BC_topology","92"
"735","TRUE","TRUE","TRUE","TRUE","BC_topology","BC_topology","100"
"736","TRUE","TRUE","TRUE","TRUE","BC_topology","BC_topology","100"
"737","TRUE","TRUE","TRUE","TRUE","BC_topology","BC_topology","98"
"738","TRUE","TRUE","TRUE","TRUE","BC_topology","BC_topology","95"
"739","TRUE","TRUE","TRUE","TRUE","BC_topology","BC_topology","100"
"740","TRUE","TRUE","TRUE","TRUE","BC_topology","BC_topology","99"
"741","TRUE","TRUE","TRUE","TRUE","BC_topology","BC_topology","53"
"742","TRUE","TRUE","TRUE","FALSE","Other_topology","BC_topology","99"
"743","TRUE","TRUE","TRUE","TRUE","BC_topology","BC_topology","100"
"744","TRUE","TRUE","TRUE","TRUE","BC_topology","BC_topology","99"
"745","FALSE","TRUE","TRUE","TRUE","BC_topology","BC_topology","66"
"746","TRUE","TRUE","TRUE","TRUE","AB_topology","AB_topology","23"
"747","TRUE","TRUE","TRUE","FALSE","Other_topology","BC_topology","10"
"748","TRUE","TRUE","TRUE","TRUE","AB_topology","AB_topology","87"
"749","TRUE","TRUE","TRUE","TRUE","BC_topology","BC_topology","100"
"750","TRUE","TRUE","TRUE","TRUE","BC_topology","BC_topology","93"
"751","TRUE","TRUE","TRUE","TRUE","BC_topology","BC_topology","73"
"752","TRUE","TRUE","TRUE","TRUE","AC_topology","AC_topology","30"
"753","TRUE","TRUE","TRUE","TRUE","BC_topology","BC_topology","84"
"754","TRUE","TRUE","TRUE","TRUE","BC_topology","BC_topology","83"
"755","TRUE","TRUE","TRUE","TRUE","BC_topology","BC_topology","97"
"756","FALSE","TRUE","TRUE","TRUE","BC_topology","BC_topology","92"
"757","TRUE","TRUE","TRUE","FALSE","Other_topology","AC_topology","62"
"758","TRUE","TRUE","TRUE","TRUE","BC_topology","BC_topology","80"
"759","TRUE","TRUE","TRUE","TRUE","BC_topology","BC_topology","97"
"760","TRUE","TRUE","TRUE","TRUE","BC_topology","BC_topology","99"
"761","TRUE","TRUE","TRUE","TRUE","AB_topology","AB_topology","54"
"762","TRUE","TRUE","TRUE","TRUE","BC_topology","BC_topology","70"
"763","TRUE","TRUE","TRUE","TRUE","BC_topology","BC_topology","83"
"764","TRUE","TRUE","TRUE","TRUE","BC_topology","BC_topology","100"
"765","TRUE","TRUE","TRUE","FALSE","Other_topology","BC_topology","95"
"766","TRUE","TRUE","TRUE","TRUE","BC_topology","BC_topology","100"
"767","TRUE","TRUE","TRUE","TRUE","BC_topology","BC_topology","100"
"768","TRUE","TRUE","TRUE","TRUE","BC_topology","BC_topology","97"
"769","TRUE","TRUE","TRUE","TRUE","BC_topology","BC_topology","93"
"770","TRUE","TRUE","TRUE","FALSE","Other_topology","BC_topology","53"
"771","TRUE","TRUE","TRUE","TRUE","BC_topology","BC_topology","98"
"772","TRUE","TRUE","TRUE","TRUE","BC_topology","BC_topology","100"
"773","TRUE","TRUE","TRUE","TRUE","BC_topology","BC_topology","95"
"774","TRUE","TRUE","TRUE","TRUE","AC_topology","AC_topology","46"
"775","TRUE","TRUE","TRUE","FALSE","Other_topology","Other_topology","BS_scoreNA"
"776","TRUE","TRUE","TRUE","FALSE","Other_topology","BC_topology","66"
"777","TRUE","TRUE","TRUE","TRUE","BC_topology","BC_topology","98"
"778","TRUE","TRUE","TRUE","TRUE","AB_topology","AB_topology","96"
"779","TRUE","TRUE","TRUE","FALSE","Other_topology","AC_topology","53"
"780","TRUE","TRUE","TRUE","TRUE","BC_topology","BC_topology","99"
"781","TRUE","TRUE","TRUE","TRUE","BC_topology","BC_topology","100"
"782","TRUE","TRUE","TRUE","TRUE","AC_topology","AC_topology","93"
"783","TRUE","TRUE","TRUE","TRUE","BC_topology","BC_topology","100"
"784","TRUE","TRUE","TRUE","TRUE","BC_topology","BC_topology","100"
"785","TRUE","TRUE","TRUE","TRUE","BC_topology","BC_topology","39"
"786","TRUE","TRUE","TRUE","TRUE","BC_topology","BC_topology","77"
"787","TRUE","TRUE","TRUE","TRUE","BC_topology","BC_topology","96"
"788","TRUE","TRUE","TRUE","TRUE","BC_topology","BC_topology","68"
"789","TRUE","TRUE","TRUE","TRUE","BC_topology","BC_topology","99"
"790","TRUE","TRUE","TRUE","TRUE","BC_topology","BC_topology","79"
"791","TRUE","TRUE","TRUE","TRUE","BC_topology","BC_topology","97"
"792","TRUE","TRUE","TRUE","TRUE","BC_topology","BC_topology","93"
"793","TRUE","TRUE","TRUE","TRUE","BC_topology","BC_topology","66"
"794","TRUE","TRUE","TRUE","TRUE","BC_topology","BC_topology","100"
